Coupon Title,Coupon Code,Brand,Discount Percent,Expiry Date,Discount Description,Category
40.0% OFF Off Electronics,CODES,Off,40.0%,N/A,"Elevate your charging game with a 4-pack of iPhone chargers at an unbeatable price! Originally $7.99, grab them now for just $4.79 using our exclusive 40% off promo code. These 10ft Apple MFi Certifie...",electronics
40.0% OFF Off Electronics,10FT,Off,40.0%,N/A,"Elevate your charging game with a 4-pack of iPhone chargers at an unbeatable price! Originally $7.99, grab them now for just $4.79 using our exclusive 40% off promo code. These 10ft Apple MFi Certifie...",electronics
40.0% OFF Off Electronics,CODE,Off,40.0%,N/A,"Elevate your charging game with a 4-pack of iPhone chargers at an unbeatable price! Originally $7.99, grab them now for just $4.79 using our exclusive 40% off promo code. These 10ft Apple MFi Certifie...",electronics
30.0% OFF Temu Education,BUNDLE,Temu,30.0%,N/A,"Temu Coupon Code - Get a SPECIAL $100 Coupon Bundle NOW!

九Claim $100 Coupon Bundle HERE 游녤 https://temu.to/m/unq7evd8uvw (Use Code: acu627227)

游꾸 FREE GIFTS HERE 游녤 https://temu.to/m/u1p8av9dzk6 (Use C...",education
30.0% OFF Temu Education,COPY,Temu,30.0%,N/A,"Temu Coupon Code - Get a SPECIAL $100 Coupon Bundle NOW!

九Claim $100 Coupon Bundle HERE 游녤 https://temu.to/m/unq7evd8uvw (Use Code: acu627227)

游꾸 FREE GIFTS HERE 游녤 https://temu.to/m/u1p8av9dzk6 (Use C...",education
30.0% OFF Temu Education,CODE,Temu,30.0%,N/A,"Temu Coupon Code - Get a SPECIAL $100 Coupon Bundle NOW!

九Claim $100 Coupon Bundle HERE 游녤 https://temu.to/m/unq7evd8uvw (Use Code: acu627227)

游꾸 FREE GIFTS HERE 游녤 https://temu.to/m/u1p8av9dzk6 (Use C...",education
30.0% OFF Temu Education,TODAY,Temu,30.0%,N/A,"Temu Coupon Code - Get a SPECIAL $100 Coupon Bundle NOW!

九Claim $100 Coupon Bundle HERE 游녤 https://temu.to/m/unq7evd8uvw (Use Code: acu627227)

游꾸 FREE GIFTS HERE 游녤 https://temu.to/m/u1p8av9dzk6 (Use C...",education
30.0% OFF Temu Education,CODES,Temu,30.0%,N/A,"Temu Coupon Code - Get a SPECIAL $100 Coupon Bundle NOW!

九Claim $100 Coupon Bundle HERE 游녤 https://temu.to/m/unq7evd8uvw (Use Code: acu627227)

游꾸 FREE GIFTS HERE 游녤 https://temu.to/m/u1p8av9dzk6 (Use C...",education
30.0% OFF Temu Education,HERE,Temu,30.0%,N/A,"Temu Coupon Code - Get a SPECIAL $100 Coupon Bundle NOW!

九Claim $100 Coupon Bundle HERE 游녤 https://temu.to/m/unq7evd8uvw (Use Code: acu627227)

游꾸 FREE GIFTS HERE 游녤 https://temu.to/m/u1p8av9dzk6 (Use C...",education
30.0% OFF Temu Education,FRR129477,Temu,30.0%,N/A,"Temu Coupon Code - Get a SPECIAL $100 Coupon Bundle NOW!

九Claim $100 Coupon Bundle HERE 游녤 https://temu.to/m/unq7evd8uvw (Use Code: acu627227)

游꾸 FREE GIFTS HERE 游녤 https://temu.to/m/u1p8av9dzk6 (Use C...",education
30.0% OFF Temu Education,YOUR,Temu,30.0%,N/A,"Temu Coupon Code - Get a SPECIAL $100 Coupon Bundle NOW!

九Claim $100 Coupon Bundle HERE 游녤 https://temu.to/m/unq7evd8uvw (Use Code: acu627227)

游꾸 FREE GIFTS HERE 游녤 https://temu.to/m/u1p8av9dzk6 (Use C...",education
30.0% OFF Temu Education,ACU627227,Temu,30.0%,N/A,"Temu Coupon Code - Get a SPECIAL $100 Coupon Bundle NOW!

九Claim $100 Coupon Bundle HERE 游녤 https://temu.to/m/unq7evd8uvw (Use Code: acu627227)

游꾸 FREE GIFTS HERE 游녤 https://temu.to/m/u1p8av9dzk6 (Use C...",education
